survey_id,patient_id,created_at,water_intake,food_intake,food_health_quality,sleep_time,sleep_quality,sleep_length,stress_level,self_image
1,1,11/15/2024,2,3,1,2,5,5,1,1
2,2,11/15/2024,4,5,5,4,1,2,1,3
3,4,11/15/2024,5,4,4,2,3,1,4,4
4,5,11/15/2024,5,4,3,2,5,1,1,3
5,6,11/15/2024,1,5,1,5,5,2,3,2
6,7,11/15/2024,5,1,1,4,1,3,5,4
7,9,11/15/2024,5,1,3,1,4,5,3,1
8,10,11/15/2024,2,1,2,5,1,1,1,3
9,11,11/15/2024,2,2,4,4,1,5,5,2
10,13,11/15/2024,4,3,2,1,5,2,4,1
11,14,11/15/2024,5,5,5,1,3,3,5,5
12,15,11/15/2024,5,3,5,4,5,5,5,3
13,16,11/15/2024,3,2,5,2,3,1,1,4
14,17,11/15/2024,2,1,4,4,2,5,4,5
15,18,11/15/2024,4,3,3,2,3,2,1,4
16,19,11/15/2024,1,3,4,5,5,5,2,3
17,22,11/15/2024,5,1,5,1,5,1,3,5
18,23,11/15/2024,3,4,3,2,5,4,3,4
19,24,11/15/2024,1,3,1,1,4,2,3,1
20,25,11/15/2024,3,3,5,5,1,5,2,1
21,26,11/15/2024,4,5,5,2,5,4,2,3
22,27,11/15/2024,3,5,5,2,2,4,4,3
23,28,11/15/2024,3,4,3,2,1,4,2,3
24,29,11/15/2024,1,3,4,3,2,1,3,3
25,30,11/15/2024,4,4,1,3,2,2,2,4
26,1,11/16/2024,2,4,3,4,2,3,3,4
27,2,11/16/2024,1,5,5,1,4,3,2,4
28,4,11/16/2024,5,3,1,3,1,4,2,1
29,5,11/16/2024,1,5,5,2,4,5,5,3
30,6,11/16/2024,2,3,3,5,1,2,1,4
31,7,11/16/2024,1,3,4,3,3,2,5,4
32,9,11/16/2024,4,1,4,4,4,2,5,4
33,10,11/16/2024,1,1,3,4,2,4,4,4
34,11,11/16/2024,3,3,4,4,4,4,4,2
35,13,11/16/2024,4,2,2,5,4,4,4,5
36,14,11/16/2024,2,3,5,5,3,2,4,2
37,15,11/16/2024,4,1,4,5,3,4,4,3
38,16,11/16/2024,1,3,5,2,2,3,3,5
39,17,11/16/2024,2,2,3,5,5,3,5,2
40,18,11/16/2024,4,1,2,1,3,4,1,3
41,19,11/16/2024,5,4,1,4,3,1,5,1
42,22,11/16/2024,1,4,2,2,3,5,3,4
43,23,11/16/2024,1,2,4,4,2,5,4,1
44,24,11/16/2024,4,5,1,4,4,4,4,3
45,25,11/16/2024,3,3,3,3,4,2,4,4
46,26,11/16/2024,1,1,2,2,2,4,5,5
47,27,11/16/2024,4,1,4,1,5,5,5,1
48,28,11/16/2024,3,2,1,2,5,1,1,2
49,29,11/16/2024,1,3,5,3,5,2,2,2
50,30,11/16/2024,3,1,5,5,3,2,4,5
51,1,11/17/2024,5,1,2,2,3,1,1,1
52,2,11/17/2024,2,4,2,1,1,3,4,2
53,4,11/17/2024,4,2,3,1,2,2,5,3
54,5,11/17/2024,5,1,4,1,3,4,2,5
55,6,11/17/2024,3,4,3,2,5,4,3,5
56,7,11/17/2024,4,1,1,2,5,1,5,3
57,9,11/17/2024,5,5,3,1,5,4,4,4
58,10,11/17/2024,4,2,3,3,3,5,3,3
59,11,11/17/2024,5,2,3,2,1,2,1,1
60,13,11/17/2024,3,5,2,1,1,1,4,3
61,14,11/17/2024,1,1,1,3,5,1,4,3
62,15,11/17/2024,2,3,5,1,5,4,2,5
63,16,11/17/2024,1,3,2,2,3,4,5,4
64,17,11/17/2024,2,1,4,1,4,1,1,2
65,18,11/17/2024,4,4,4,2,4,2,5,2
66,19,11/17/2024,4,3,5,3,3,5,1,4
67,22,11/17/2024,4,1,5,1,4,5,1,4
68,23,11/17/2024,1,5,4,3,4,3,1,5
69,24,11/17/2024,5,3,3,2,2,2,4,5
70,25,11/17/2024,4,2,3,2,4,5,5,3
71,26,11/17/2024,3,1,1,3,1,3,4,4
72,27,11/17/2024,5,2,4,3,1,5,5,5
73,28,11/17/2024,2,3,4,3,5,5,1,2
74,29,11/17/2024,1,5,4,4,4,1,3,5
75,30,11/17/2024,5,5,5,5,5,5,1,5
76,1,11/18/2024,2,3,2,1,1,2,5,1
77,2,11/18/2024,3,2,4,2,5,2,2,2
78,4,11/18/2024,1,2,5,4,5,5,2,1
79,5,11/18/2024,3,3,4,3,2,5,1,4
80,6,11/18/2024,1,5,1,2,3,5,3,5
81,7,11/18/2024,1,3,2,3,5,1,3,4
82,9,11/18/2024,1,2,5,1,1,3,2,1
83,10,11/18/2024,2,4,1,3,2,2,4,5
84,11,11/18/2024,2,3,5,5,3,1,5,5
85,13,11/18/2024,2,1,4,1,5,4,5,2
86,14,11/18/2024,4,5,2,3,1,2,2,3
87,15,11/18/2024,2,1,3,5,3,2,3,3
88,16,11/18/2024,4,1,2,5,4,2,2,3
89,17,11/18/2024,5,4,3,2,5,4,3,1
90,18,11/18/2024,3,3,5,2,1,1,1,3
91,19,11/18/2024,5,2,2,4,3,2,1,5
92,22,11/18/2024,4,2,2,3,1,5,1,4
93,23,11/18/2024,5,4,5,3,3,3,2,4
94,24,11/18/2024,4,1,2,4,2,5,3,4
95,25,11/18/2024,1,4,2,3,1,1,4,4
96,26,11/18/2024,2,3,2,2,1,3,3,5
97,27,11/18/2024,2,5,2,1,5,3,4,2
98,28,11/18/2024,3,2,5,4,1,4,3,5
99,29,11/18/2024,3,5,5,1,2,2,3,1
100,30,11/18/2024,2,2,5,2,2,5,1,2
101,1,11/19/2024,3,5,4,3,1,3,2,5
102,2,11/19/2024,3,2,4,5,5,3,2,1
103,4,11/19/2024,1,2,4,2,1,2,3,2
104,5,11/19/2024,2,1,1,5,5,1,1,2
105,6,11/19/2024,5,2,2,1,4,2,3,2
106,7,11/19/2024,4,1,5,5,2,5,5,4
107,9,11/19/2024,3,4,2,5,2,5,4,4
108,10,11/19/2024,1,5,5,4,5,2,1,1
109,11,11/19/2024,5,2,5,2,3,1,3,2
110,13,11/19/2024,4,3,5,5,1,3,1,2
111,14,11/19/2024,5,3,1,2,5,4,4,2
112,15,11/19/2024,2,4,1,1,4,3,5,1
113,16,11/19/2024,5,2,5,3,3,4,1,1
114,17,11/19/2024,3,2,1,1,4,2,3,1
115,18,11/19/2024,4,2,1,1,4,2,5,4
116,19,11/19/2024,3,1,5,3,5,5,1,5
117,22,11/19/2024,5,2,3,1,1,4,3,3
118,23,11/19/2024,2,3,3,2,3,2,5,4
119,24,11/19/2024,1,2,3,3,4,4,5,5
120,25,11/19/2024,1,5,5,3,5,3,5,1
121,26,11/19/2024,2,1,5,5,1,3,3,2
122,27,11/19/2024,2,2,5,2,2,5,3,1
123,28,11/19/2024,2,1,4,4,5,4,4,2
124,29,11/19/2024,1,2,1,4,3,3,5,3
125,30,11/19/2024,5,2,2,1,2,5,5,1
126,1,11/20/2024,4,4,4,5,3,3,2,1
127,2,11/20/2024,4,1,3,1,3,5,5,5
128,4,11/20/2024,2,1,5,5,4,2,4,2
129,5,11/20/2024,2,4,2,1,2,5,3,3
130,6,11/20/2024,3,4,5,3,2,1,3,4
131,7,11/20/2024,2,5,5,4,2,1,3,2
132,9,11/20/2024,2,4,4,1,4,3,5,3
133,10,11/20/2024,3,4,2,1,1,1,4,5
134,11,11/20/2024,5,1,2,4,1,4,5,4
135,13,11/20/2024,5,3,3,2,2,5,5,5
136,14,11/20/2024,3,4,4,5,3,2,4,5
137,15,11/20/2024,5,1,1,3,4,5,4,4
138,16,11/20/2024,4,1,5,4,5,5,1,5
139,17,11/20/2024,5,2,4,3,3,1,4,3
140,18,11/20/2024,4,4,4,4,2,2,2,2
141,19,11/20/2024,1,5,2,4,3,5,5,4
142,22,11/20/2024,3,2,5,5,5,3,4,4
143,23,11/20/2024,1,5,1,3,4,2,5,4
144,24,11/20/2024,2,4,5,3,3,1,2,5
145,25,11/20/2024,1,3,4,5,1,4,4,1
146,26,11/20/2024,1,3,2,4,1,3,2,4
147,27,11/20/2024,3,1,2,3,3,4,2,1
148,28,11/20/2024,3,2,3,2,4,4,5,3
149,29,11/20/2024,4,2,3,5,4,2,5,1
150,30,11/20/2024,2,1,3,4,1,4,1,1
151,1,11/21/2024,4,4,3,3,1,4,3,1
152,2,11/21/2024,5,5,5,3,2,4,1,1
153,4,11/21/2024,5,3,5,2,4,5,1,3
154,5,11/21/2024,3,2,1,3,3,1,2,2
155,6,11/21/2024,3,3,1,3,1,1,3,1
156,7,11/21/2024,3,2,5,3,1,3,5,1
157,9,11/21/2024,3,3,4,5,2,5,5,5
158,10,11/21/2024,3,1,2,4,3,5,5,3
159,11,11/21/2024,5,1,2,2,3,3,1,3
160,13,11/21/2024,5,3,4,5,5,2,4,1
161,14,11/21/2024,3,5,4,5,4,3,1,2
162,15,11/21/2024,2,4,4,4,4,3,4,2
163,16,11/21/2024,3,4,4,1,5,1,3,1
164,17,11/21/2024,4,1,4,3,2,4,3,4
165,18,11/21/2024,4,5,1,4,3,1,3,4
166,19,11/21/2024,2,4,4,1,4,2,1,2
167,22,11/21/2024,3,3,1,2,4,1,3,3
168,23,11/21/2024,1,2,2,5,1,4,1,1
169,24,11/21/2024,5,3,3,3,2,1,4,4
170,25,11/21/2024,3,2,2,3,1,2,2,5
171,26,11/21/2024,3,1,2,5,1,2,1,1
172,27,11/21/2024,4,5,3,4,1,3,5,3
173,28,11/21/2024,4,1,4,4,2,4,3,1
174,29,11/21/2024,3,3,3,1,1,5,3,1
175,30,11/21/2024,5,4,4,1,4,3,2,3
176,1,11/22/2024,3,5,5,3,2,2,1,3
177,2,11/22/2024,5,1,4,2,2,2,5,1
178,4,11/22/2024,3,1,2,3,2,2,4,3
179,5,11/22/2024,4,1,5,1,5,4,5,4
180,6,11/22/2024,5,5,4,1,1,5,5,1
181,7,11/22/2024,3,2,4,1,3,5,1,5
182,9,11/22/2024,1,5,5,2,5,4,1,4
183,10,11/22/2024,4,3,3,4,1,3,1,5
184,11,11/22/2024,1,4,1,5,5,5,1,1
185,13,11/22/2024,5,4,1,5,1,1,1,4
186,14,11/22/2024,1,3,4,2,3,2,1,3
187,15,11/22/2024,5,5,3,4,3,2,2,3
188,16,11/22/2024,1,2,4,1,2,4,3,4
189,17,11/22/2024,2,5,2,3,3,1,3,3
190,18,11/22/2024,1,3,2,4,4,3,3,2
191,19,11/22/2024,3,3,5,5,2,2,1,2
192,22,11/22/2024,1,2,5,1,3,2,1,5
193,23,11/22/2024,3,3,2,2,2,4,3,4
194,24,11/22/2024,4,5,2,5,3,4,4,1
195,25,11/22/2024,1,5,2,4,1,3,1,5
196,26,11/22/2024,4,5,5,2,2,1,2,2
197,27,11/22/2024,2,1,3,3,2,1,3,1
198,28,11/22/2024,1,3,4,3,1,3,2,2
199,29,11/22/2024,4,1,2,3,5,3,1,2
200,30,11/22/2024,3,3,3,4,2,2,2,3
201,1,11/23/2024,5,5,4,4,2,3,3,5
202,2,11/23/2024,5,3,1,2,4,3,3,4
203,4,11/23/2024,1,3,4,4,1,1,1,5
204,5,11/23/2024,1,4,4,2,5,2,3,1
205,6,11/23/2024,5,4,2,2,1,4,4,5
206,7,11/23/2024,3,5,5,5,4,2,5,4
207,9,11/23/2024,2,1,4,1,1,1,1,1
208,10,11/23/2024,3,4,4,3,3,3,4,5
209,11,11/23/2024,3,5,4,1,2,5,5,3
210,13,11/23/2024,1,1,3,3,4,1,3,4
211,14,11/23/2024,5,5,5,4,1,3,3,5
212,15,11/23/2024,2,2,2,1,3,5,1,1
213,16,11/23/2024,1,5,1,1,5,5,2,1
214,17,11/23/2024,2,4,5,3,4,5,4,3
215,18,11/23/2024,1,5,1,2,4,4,3,3
216,19,11/23/2024,5,2,5,4,2,3,1,2
217,22,11/23/2024,4,4,3,2,1,5,1,3
218,23,11/23/2024,1,5,5,1,3,5,1,3
219,24,11/23/2024,3,3,4,3,4,1,2,5
220,25,11/23/2024,2,2,1,3,1,4,3,5
221,26,11/23/2024,4,5,4,5,5,5,3,4
222,27,11/23/2024,2,5,1,5,2,2,2,4
223,28,11/23/2024,4,2,2,2,1,2,3,2
224,29,11/23/2024,2,4,3,1,3,4,3,5
225,30,11/23/2024,2,2,2,1,4,4,1,1
226,1,11/24/2024,3,4,1,4,2,2,4,2
227,2,11/24/2024,3,4,4,1,5,1,3,3
228,4,11/24/2024,1,3,5,4,1,1,1,1
229,5,11/24/2024,2,5,2,5,5,5,4,2
230,6,11/24/2024,4,2,3,4,3,2,4,3
231,7,11/24/2024,1,3,4,2,3,1,2,1
232,9,11/24/2024,2,5,1,1,5,1,5,5
233,10,11/24/2024,4,2,3,3,5,1,4,4
234,11,11/24/2024,5,4,2,4,2,4,2,5
235,13,11/24/2024,1,4,5,5,1,1,1,3
236,14,11/24/2024,5,4,1,3,5,5,5,1
237,15,11/24/2024,4,5,1,4,2,2,2,4
238,16,11/24/2024,5,1,3,1,3,2,2,3
239,17,11/24/2024,5,5,5,5,1,4,3,1
240,18,11/24/2024,2,2,2,2,4,1,3,5
241,19,11/24/2024,1,1,2,2,2,1,2,1
242,22,11/24/2024,2,4,3,1,4,2,3,4
243,23,11/24/2024,4,3,1,3,3,3,5,2
244,24,11/24/2024,3,4,4,1,1,5,2,4
245,25,11/24/2024,2,4,3,1,1,4,4,3
246,26,11/24/2024,3,2,1,5,4,2,1,3
247,27,11/24/2024,2,1,2,4,1,2,4,2
248,28,11/24/2024,2,1,4,5,2,5,3,4
249,29,11/24/2024,4,4,3,4,5,2,1,1
250,30,11/24/2024,1,3,2,1,3,3,1,3
251,1,11/25/2024,3,1,3,4,2,5,4,2
252,2,11/25/2024,1,2,4,5,1,3,3,4
253,4,11/25/2024,2,3,3,5,2,3,4,3
254,5,11/25/2024,1,5,5,2,1,1,3,5
255,6,11/25/2024,1,4,5,1,2,1,3,1
256,7,11/25/2024,2,4,5,2,5,4,1,2
257,9,11/25/2024,4,2,1,2,3,4,3,1
258,10,11/25/2024,3,2,1,3,4,3,2,1
259,11,11/25/2024,3,3,3,4,5,3,1,5
260,13,11/25/2024,4,1,2,1,3,3,3,4
261,14,11/25/2024,2,3,5,4,4,1,2,2
262,15,11/25/2024,5,5,3,5,3,3,2,5
263,16,11/25/2024,2,1,2,1,3,2,1,1
264,17,11/25/2024,4,3,1,2,5,4,1,3
265,18,11/25/2024,3,5,2,3,4,3,1,3
266,19,11/25/2024,3,3,3,5,4,3,4,3
267,22,11/25/2024,5,3,3,5,2,5,5,3
268,23,11/25/2024,5,4,2,2,4,4,2,1
269,24,11/25/2024,1,5,3,4,2,5,3,4
270,25,11/25/2024,2,1,5,4,5,2,5,1
271,26,11/25/2024,1,3,4,3,5,3,5,4
272,27,11/25/2024,2,3,3,5,3,2,3,1
273,28,11/25/2024,3,5,1,3,1,4,2,1
274,29,11/25/2024,2,1,3,4,2,5,3,4
275,30,11/25/2024,3,4,2,1,3,4,3,5
276,1,11/26/2024,3,4,5,2,3,2,5,1
277,2,11/26/2024,1,2,2,3,3,1,1,1
278,4,11/26/2024,2,2,2,3,2,5,2,3
279,5,11/26/2024,1,2,5,1,5,1,2,1
280,6,11/26/2024,4,1,2,3,2,2,1,3
281,7,11/26/2024,1,4,4,4,5,3,4,4
282,9,11/26/2024,4,3,1,5,4,1,3,2
283,10,11/26/2024,4,4,5,1,5,3,2,2
284,11,11/26/2024,5,1,3,4,5,1,2,2
285,13,11/26/2024,2,2,3,2,3,5,1,4
286,14,11/26/2024,4,2,5,4,3,2,4,4
287,15,11/26/2024,3,1,5,5,5,4,4,1
288,16,11/26/2024,2,4,4,1,2,4,3,3
289,17,11/26/2024,5,1,3,3,2,3,5,3
290,18,11/26/2024,1,1,2,2,3,1,2,3
291,19,11/26/2024,1,3,5,3,3,4,3,2
292,22,11/26/2024,3,1,1,1,5,2,4,5
293,23,11/26/2024,4,1,2,4,2,1,1,2
294,24,11/26/2024,2,2,5,4,4,4,2,4
295,25,11/26/2024,5,4,5,3,3,2,5,2
296,26,11/26/2024,5,2,4,3,2,1,3,1
297,27,11/26/2024,1,2,4,5,5,5,3,1
298,28,11/26/2024,3,4,4,4,1,2,4,2
299,29,11/26/2024,1,5,5,5,5,2,5,4
300,30,11/26/2024,4,4,4,3,4,2,2,2
301,1,11/27/2024,1,1,3,1,3,5,5,5
302,2,11/27/2024,4,1,5,5,2,3,1,4
303,4,11/27/2024,1,1,2,5,1,5,4,3
304,5,11/27/2024,1,4,4,2,1,1,5,4
305,6,11/27/2024,5,3,5,2,4,1,1,4
306,7,11/27/2024,1,5,3,4,2,3,1,3
307,9,11/27/2024,3,5,1,4,3,1,5,2
308,10,11/27/2024,3,4,1,1,3,1,4,1
309,11,11/27/2024,3,2,5,5,1,1,1,3
310,13,11/27/2024,5,4,4,2,2,2,3,3
311,14,11/27/2024,4,5,1,2,2,4,5,4
312,15,11/27/2024,4,4,1,1,3,2,5,5
313,16,11/27/2024,3,3,1,5,1,5,5,5
314,17,11/27/2024,5,3,5,4,4,5,2,5
315,18,11/27/2024,4,5,1,1,2,2,1,4
316,19,11/27/2024,2,2,1,2,4,1,3,3
317,22,11/27/2024,1,1,2,4,4,3,1,5
318,23,11/27/2024,4,2,4,2,5,4,1,2
319,24,11/27/2024,1,4,1,3,5,5,3,1
320,25,11/27/2024,2,1,2,2,1,1,2,4
321,26,11/27/2024,1,3,4,3,1,1,3,4
322,27,11/27/2024,5,2,4,1,3,1,2,2
323,28,11/27/2024,2,5,5,1,3,5,5,1
324,29,11/27/2024,5,5,1,4,5,4,1,4
325,30,11/27/2024,4,5,1,4,1,4,4,4
326,1,11/28/2024,3,1,5,3,1,4,5,3
327,2,11/28/2024,2,4,1,5,3,4,3,5
328,4,11/28/2024,3,4,2,1,4,2,1,2
329,5,11/28/2024,2,3,2,3,5,1,2,4
330,6,11/28/2024,5,3,1,3,5,5,5,5
331,7,11/28/2024,1,4,1,2,5,2,1,1
332,9,11/28/2024,4,4,5,3,3,2,3,4
333,10,11/28/2024,1,3,3,2,4,5,3,4
334,11,11/28/2024,4,2,1,3,5,1,1,1
335,13,11/28/2024,2,4,5,5,5,4,2,1
336,14,11/28/2024,4,3,1,2,2,4,2,2
337,15,11/28/2024,5,3,5,5,5,4,4,1
338,16,11/28/2024,3,3,4,5,5,3,2,4
339,17,11/28/2024,4,4,1,4,4,2,4,1
340,18,11/28/2024,5,2,2,1,3,2,4,1
341,19,11/28/2024,5,2,1,3,1,3,1,1
342,22,11/28/2024,3,4,5,5,2,5,5,5
343,23,11/28/2024,3,5,2,1,2,3,2,2
344,24,11/28/2024,4,4,4,2,4,3,5,2
345,25,11/28/2024,2,5,3,3,3,1,1,5
346,26,11/28/2024,5,4,3,4,3,1,4,4
347,27,11/28/2024,2,4,3,1,5,1,5,3
348,28,11/28/2024,5,1,1,4,1,4,1,3
349,29,11/28/2024,4,5,3,2,2,3,5,3
350,30,11/28/2024,3,5,4,5,3,4,1,5
351,1,11/29/2024,5,5,3,3,3,5,2,2
352,2,11/29/2024,3,1,4,3,3,2,1,2
353,4,11/29/2024,1,5,3,4,4,5,5,1
354,5,11/29/2024,3,4,1,2,4,3,1,5
355,6,11/29/2024,1,4,2,5,5,2,1,3
356,7,11/29/2024,2,4,1,4,4,2,2,3
357,9,11/29/2024,1,3,4,5,5,2,3,2
358,10,11/29/2024,5,1,2,2,4,5,5,1
359,11,11/29/2024,4,3,3,3,2,3,3,1
360,13,11/29/2024,3,2,4,4,5,1,2,4
361,14,11/29/2024,1,2,4,3,5,5,2,3
362,15,11/29/2024,5,1,5,5,1,4,5,4
363,16,11/29/2024,5,3,3,5,1,1,3,5
364,17,11/29/2024,3,2,1,3,5,5,1,2
365,18,11/29/2024,1,1,3,1,4,1,5,4
366,19,11/29/2024,1,4,4,4,2,1,3,3
367,22,11/29/2024,1,4,2,5,4,4,4,3
368,23,11/29/2024,3,3,3,4,1,1,5,3
369,24,11/29/2024,5,5,3,3,5,1,2,2
370,25,11/29/2024,5,3,3,5,3,4,4,1
371,26,11/29/2024,1,4,3,1,2,2,3,2
372,27,11/29/2024,1,5,2,4,2,2,5,3
373,28,11/29/2024,3,2,3,5,3,2,2,2
374,29,11/29/2024,5,4,1,4,4,2,3,2
375,30,11/29/2024,1,4,3,1,5,2,5,2
376,1,11/30/2024,4,2,1,5,3,5,5,3
377,2,11/30/2024,3,4,3,4,1,4,1,4
378,4,11/30/2024,3,4,5,1,5,1,4,5
379,5,11/30/2024,5,2,5,2,2,3,3,5
380,6,11/30/2024,1,4,2,3,2,4,1,1
381,7,11/30/2024,5,2,3,2,3,2,5,5
382,9,11/30/2024,2,2,1,1,5,2,4,3
383,10,11/30/2024,4,5,1,4,2,2,2,1
384,11,11/30/2024,1,5,1,1,2,4,4,3
385,13,11/30/2024,5,5,2,3,1,2,5,3
386,14,11/30/2024,5,2,5,4,3,1,3,2
387,15,11/30/2024,2,3,2,5,1,1,2,1
388,16,11/30/2024,3,1,3,3,2,2,1,5
389,17,11/30/2024,1,1,5,4,2,2,4,2
390,18,11/30/2024,2,4,4,4,4,5,1,3
391,19,11/30/2024,2,1,1,5,2,4,1,5
392,22,11/30/2024,1,5,3,2,1,1,5,2
393,23,11/30/2024,2,2,1,4,4,4,4,1
394,24,11/30/2024,3,2,4,4,3,1,4,4
395,25,11/30/2024,4,2,3,4,1,2,3,4
396,26,11/30/2024,1,3,2,1,3,3,3,4
397,27,11/30/2024,4,3,5,5,4,4,2,1
398,28,11/30/2024,3,3,3,2,2,5,2,1
399,29,11/30/2024,3,1,5,2,1,3,4,5
400,30,11/30/2024,3,1,4,4,5,3,3,2
401,1,12/1/2024,4,4,4,2,4,3,2,1
402,2,12/1/2024,2,4,4,5,1,4,5,1
403,4,12/1/2024,5,3,5,2,2,3,4,3
404,5,12/1/2024,2,5,5,1,5,3,2,3
405,6,12/1/2024,4,1,4,1,2,5,1,4
406,7,12/1/2024,2,2,2,4,5,2,3,4
407,9,12/1/2024,1,2,5,5,1,5,5,2
408,10,12/1/2024,3,4,4,3,4,2,1,4
409,11,12/1/2024,3,4,2,5,1,3,1,4
410,13,12/1/2024,2,3,3,3,2,5,2,2
411,14,12/1/2024,5,4,5,5,3,3,4,4
412,15,12/1/2024,2,3,5,5,3,5,2,3
413,16,12/1/2024,2,3,2,3,2,2,3,5
414,17,12/1/2024,2,3,3,4,4,4,3,1
415,18,12/1/2024,2,4,4,3,2,2,4,2
416,19,12/1/2024,4,4,1,4,2,1,4,2
417,22,12/1/2024,3,4,2,5,2,5,4,3
418,23,12/1/2024,3,2,3,4,3,1,4,3
419,24,12/1/2024,5,5,2,1,5,5,5,3
420,25,12/1/2024,5,1,2,4,1,2,4,4
421,26,12/1/2024,2,3,2,5,1,4,4,2
422,27,12/1/2024,3,1,3,1,1,5,4,1
423,28,12/1/2024,1,1,4,1,1,2,3,3
424,29,12/1/2024,1,3,5,2,4,3,4,1
425,30,12/1/2024,4,3,4,5,1,1,5,5
426,1,12/2/2024,2,1,4,4,1,3,3,1
427,2,12/2/2024,5,5,2,3,2,2,3,4
428,4,12/2/2024,3,4,2,1,2,3,5,3
429,5,12/2/2024,4,2,3,4,1,4,5,3
430,6,12/2/2024,4,3,5,1,1,2,1,4
431,7,12/2/2024,1,3,2,5,4,4,1,4
432,9,12/2/2024,5,3,2,1,5,4,4,1
433,10,12/2/2024,5,3,5,2,4,1,2,2
434,11,12/2/2024,2,1,1,5,4,2,2,2
435,13,12/2/2024,2,3,1,5,1,2,5,5
436,14,12/2/2024,5,5,3,2,5,3,2,2
437,15,12/2/2024,5,4,3,3,5,1,4,1
438,16,12/2/2024,3,4,1,3,2,3,1,3
439,17,12/2/2024,5,2,3,4,3,2,1,2
440,18,12/2/2024,5,2,2,1,3,1,5,5
441,19,12/2/2024,4,1,3,2,5,2,3,5
442,22,12/2/2024,2,3,1,1,5,2,4,1
443,23,12/2/2024,4,4,5,4,3,3,3,1
444,24,12/2/2024,3,2,4,5,3,4,4,4
445,25,12/2/2024,1,5,4,5,5,1,5,5
446,26,12/2/2024,2,1,1,5,3,2,1,5
447,27,12/2/2024,2,3,3,5,4,3,3,4
448,28,12/2/2024,5,4,5,2,4,1,2,3
449,29,12/2/2024,3,3,2,2,5,2,3,3
450,30,12/2/2024,3,4,2,5,2,4,2,4
451,1,12/3/2024,3,3,4,2,1,1,5,5
452,2,12/3/2024,1,4,2,4,5,2,2,5
453,4,12/3/2024,2,3,4,4,3,4,5,2
454,5,12/3/2024,4,2,4,2,3,1,3,1
455,6,12/3/2024,2,4,3,3,3,2,3,4
456,7,12/3/2024,5,2,3,3,2,2,4,2
457,9,12/3/2024,2,2,1,4,2,2,2,5
458,10,12/3/2024,3,2,3,3,5,4,1,3
459,11,12/3/2024,3,5,3,2,3,5,2,3
460,13,12/3/2024,4,4,4,3,5,1,1,4
461,14,12/3/2024,1,1,5,4,1,2,5,5
462,15,12/3/2024,3,2,3,5,4,2,2,3
463,16,12/3/2024,1,4,4,4,3,4,1,2
464,17,12/3/2024,3,3,2,5,3,3,5,1
465,18,12/3/2024,5,2,5,1,4,4,1,1
466,19,12/3/2024,4,5,3,4,5,5,1,4
467,22,12/3/2024,1,4,2,4,2,1,2,1
468,23,12/3/2024,1,5,1,2,5,3,2,3
469,24,12/3/2024,2,2,5,2,1,1,3,2
470,25,12/3/2024,4,2,4,1,5,2,4,3
471,26,12/3/2024,4,4,2,1,5,4,3,4
472,27,12/3/2024,5,2,4,2,4,3,5,3
473,28,12/3/2024,4,4,1,5,2,2,4,3
474,29,12/3/2024,1,4,4,1,3,3,1,5
475,30,12/3/2024,4,4,2,3,1,3,2,3
476,1,12/4/2024,2,5,4,3,3,4,1,5
477,2,12/4/2024,5,3,4,3,4,2,4,1
478,4,12/4/2024,1,1,3,1,5,4,2,1
479,5,12/4/2024,4,5,4,2,5,1,3,2
480,6,12/4/2024,4,4,4,3,3,3,1,1
481,7,12/4/2024,5,1,5,4,4,5,4,5
482,9,12/4/2024,5,1,3,5,1,5,5,1
483,10,12/4/2024,3,5,4,4,2,3,4,2
484,11,12/4/2024,2,5,3,2,1,5,5,3
485,13,12/4/2024,3,1,2,2,5,2,5,2
486,14,12/4/2024,3,1,3,3,2,1,3,2
487,15,12/4/2024,3,2,5,4,5,2,5,5
488,16,12/4/2024,5,4,2,4,1,4,5,1
489,17,12/4/2024,1,1,3,3,1,2,4,4
490,18,12/4/2024,1,3,4,3,4,1,2,4
491,19,12/4/2024,4,3,5,2,5,5,3,4
492,22,12/4/2024,3,2,1,4,5,5,3,1
493,23,12/4/2024,5,2,5,5,4,1,5,1
494,24,12/4/2024,3,3,4,4,2,1,3,3
495,25,12/4/2024,4,3,3,3,4,4,1,4
496,26,12/4/2024,5,3,1,3,4,5,2,2
497,27,12/4/2024,2,4,1,1,3,2,1,5
498,28,12/4/2024,1,2,4,3,2,4,4,4
499,29,12/4/2024,2,2,4,4,3,2,4,5
500,30,12/4/2024,1,4,3,3,5,2,4,2
501,1,12/5/2024,2,4,3,5,2,1,3,4
502,2,12/5/2024,3,2,1,5,1,2,5,1
503,4,12/5/2024,5,1,3,2,5,5,1,4
504,5,12/5/2024,5,1,2,4,5,4,3,4
505,6,12/5/2024,2,2,4,1,4,5,2,4
506,7,12/5/2024,2,4,3,1,5,2,3,2
507,9,12/5/2024,2,2,5,5,1,4,4,1
508,10,12/5/2024,4,3,2,3,5,4,1,5
509,11,12/5/2024,2,2,5,4,3,4,4,5
510,13,12/5/2024,5,3,4,4,3,1,4,1
511,14,12/5/2024,3,5,3,3,3,4,3,1
512,15,12/5/2024,1,2,4,5,1,1,3,4
513,16,12/5/2024,2,5,3,3,4,5,5,5
514,17,12/5/2024,2,1,1,2,2,4,1,5
515,18,12/5/2024,2,1,1,3,3,5,4,5
516,19,12/5/2024,2,5,1,2,3,4,5,4
517,22,12/5/2024,2,3,3,3,1,1,2,2
518,23,12/5/2024,3,5,4,4,5,5,5,3
519,24,12/5/2024,3,1,3,4,3,2,3,3
520,25,12/5/2024,4,5,5,4,3,4,5,2
521,26,12/5/2024,2,5,3,1,1,2,5,1
522,27,12/5/2024,2,3,4,4,3,4,4,1
523,28,12/5/2024,4,1,5,4,3,1,2,5
524,29,12/5/2024,4,4,4,4,1,2,5,4
525,30,12/5/2024,3,4,3,3,1,3,5,3
526,1,12/6/2024,3,5,1,4,1,5,3,1
527,2,12/6/2024,4,2,2,1,2,3,3,2
528,4,12/6/2024,2,5,4,5,2,5,2,4
529,5,12/6/2024,5,5,2,3,3,5,2,2
530,6,12/6/2024,4,3,4,1,1,4,5,4
531,7,12/6/2024,3,5,1,4,2,3,5,3
532,9,12/6/2024,1,1,1,3,3,2,1,1
533,10,12/6/2024,2,1,3,5,3,1,1,1
534,11,12/6/2024,4,1,4,4,5,4,4,2
535,13,12/6/2024,4,2,4,4,4,4,5,1
536,14,12/6/2024,1,1,3,4,1,1,4,5
537,15,12/6/2024,2,1,4,3,1,2,4,5
538,16,12/6/2024,5,4,2,2,5,1,3,4
539,17,12/6/2024,4,3,2,1,4,4,3,3
540,18,12/6/2024,4,5,2,2,1,4,4,5
541,19,12/6/2024,2,2,2,3,5,2,3,1
542,22,12/6/2024,5,2,2,3,4,5,4,4
543,23,12/6/2024,3,3,2,5,1,1,4,2
544,24,12/6/2024,4,3,2,3,5,5,4,5
545,25,12/6/2024,5,1,1,3,5,1,5,5
546,26,12/6/2024,4,2,5,5,2,2,2,5
547,27,12/6/2024,2,3,3,5,1,2,4,1
548,28,12/6/2024,1,4,1,4,3,3,2,4
549,29,12/6/2024,4,5,1,4,1,4,4,4
550,30,12/6/2024,3,2,5,1,4,1,2,3
551,1,12/7/2024,4,3,3,3,3,3,4,3
552,2,12/7/2024,1,5,4,5,2,3,5,1
553,4,12/7/2024,5,1,5,5,3,2,5,1
554,5,12/7/2024,4,5,2,2,3,5,1,4
555,6,12/7/2024,5,1,2,3,4,1,3,2
556,7,12/7/2024,2,2,1,2,2,3,1,3
557,9,12/7/2024,5,4,5,3,3,3,1,5
558,10,12/7/2024,1,3,2,3,2,4,3,5
559,11,12/7/2024,2,2,2,1,2,4,3,1
560,13,12/7/2024,3,1,3,2,1,2,5,5
561,14,12/7/2024,2,1,2,1,5,1,5,1
562,15,12/7/2024,2,1,3,5,4,2,1,2
563,16,12/7/2024,4,2,4,3,4,1,5,1
564,17,12/7/2024,1,5,4,5,5,3,1,5
565,18,12/7/2024,4,4,3,3,2,5,4,4
566,19,12/7/2024,3,4,2,3,2,5,1,2
567,22,12/7/2024,3,3,1,2,3,5,1,5
568,23,12/7/2024,2,1,3,4,1,5,2,3
569,24,12/7/2024,4,4,5,3,3,5,1,2
570,25,12/7/2024,3,4,5,5,3,4,2,1
571,26,12/7/2024,1,3,2,4,2,4,3,5
572,27,12/7/2024,1,2,3,2,5,2,4,5
573,28,12/7/2024,4,1,1,5,3,4,4,2
574,29,12/7/2024,5,3,1,4,4,4,2,2
575,30,12/7/2024,5,4,4,5,1,3,1,4
576,1,12/8/2024,4,1,2,1,1,5,1,4
577,2,12/8/2024,2,3,3,1,3,4,5,3
578,4,12/8/2024,3,2,2,1,2,2,3,5
579,5,12/8/2024,1,2,5,1,5,5,3,2
580,6,12/8/2024,4,3,3,5,4,5,5,5
581,7,12/8/2024,4,2,5,2,2,3,4,4
582,9,12/8/2024,1,5,1,4,3,5,1,5
583,10,12/8/2024,5,1,5,2,3,2,1,5
584,11,12/8/2024,1,1,4,1,3,5,3,5
585,13,12/8/2024,4,1,2,3,4,4,5,3
586,14,12/8/2024,3,2,4,5,5,5,3,1
587,15,12/8/2024,1,4,5,1,3,5,3,4
588,16,12/8/2024,3,5,5,2,2,3,3,2
589,17,12/8/2024,4,5,1,5,1,1,2,5
590,18,12/8/2024,1,1,2,5,5,2,3,4
591,19,12/8/2024,2,3,2,4,5,3,3,2
592,22,12/8/2024,4,2,4,3,5,1,1,2
593,23,12/8/2024,1,1,3,5,2,2,1,4
594,24,12/8/2024,2,5,4,3,1,4,2,3
595,25,12/8/2024,5,2,2,4,5,2,4,4
596,26,12/8/2024,1,3,4,5,2,3,1,3
597,27,12/8/2024,5,3,4,4,4,1,1,1
598,28,12/8/2024,1,2,4,2,5,5,5,2
599,29,12/8/2024,2,2,5,5,3,4,4,5
600,30,12/8/2024,1,5,4,3,5,5,1,2
601,1,12/9/2024,2,5,4,3,4,3,3,1
602,2,12/9/2024,3,3,2,3,1,4,1,1
603,4,12/9/2024,3,4,3,5,3,1,2,3
604,5,12/9/2024,5,1,3,3,4,4,4,2
605,6,12/9/2024,2,5,1,4,2,5,5,4
606,7,12/9/2024,3,3,1,2,2,3,5,3
607,9,12/9/2024,2,2,2,5,2,5,5,2
608,10,12/9/2024,5,4,1,1,2,5,1,3
609,11,12/9/2024,4,2,1,4,5,5,1,5
610,13,12/9/2024,4,1,4,1,3,5,1,5
611,14,12/9/2024,5,1,4,2,2,2,4,4
612,15,12/9/2024,5,3,2,3,4,4,2,2
613,16,12/9/2024,1,4,5,3,5,1,5,5
614,17,12/9/2024,1,5,4,1,1,4,5,3
615,18,12/9/2024,2,5,5,2,4,2,5,3
616,19,12/9/2024,4,2,3,5,5,5,5,3
617,22,12/9/2024,2,2,3,2,5,4,1,3
618,23,12/9/2024,1,1,2,3,3,4,5,3
619,24,12/9/2024,1,4,5,4,1,3,5,2
620,25,12/9/2024,1,3,5,1,4,1,3,5
621,26,12/9/2024,1,3,2,2,1,5,1,3
622,27,12/9/2024,3,2,4,3,1,2,2,5
623,28,12/9/2024,1,3,4,4,1,5,1,2
624,29,12/9/2024,1,5,4,3,3,4,2,5
625,30,12/9/2024,2,4,3,1,2,2,4,3
626,1,12/10/2024,4,1,3,2,2,4,4,5
627,2,12/10/2024,2,4,1,1,5,4,1,1
628,4,12/10/2024,5,1,5,4,5,4,2,2
629,5,12/10/2024,4,1,5,5,3,5,4,2
630,6,12/10/2024,5,1,4,3,3,5,5,2
631,7,12/10/2024,3,5,3,2,3,1,1,2
632,9,12/10/2024,4,5,2,3,1,5,4,5
633,10,12/10/2024,1,3,2,4,5,3,1,3
634,11,12/10/2024,5,1,3,1,3,5,4,5
635,13,12/10/2024,5,1,2,1,5,2,5,4
636,14,12/10/2024,4,4,1,5,3,1,5,2
637,15,12/10/2024,1,1,4,4,3,4,5,4
638,16,12/10/2024,2,2,4,1,4,2,2,1
639,17,12/10/2024,1,3,2,3,3,4,4,5
640,18,12/10/2024,3,4,1,2,2,4,5,4
641,19,12/10/2024,1,3,5,3,4,4,4,2
642,22,12/10/2024,4,1,1,2,2,2,1,3
643,23,12/10/2024,1,5,4,4,3,5,3,5
644,24,12/10/2024,4,1,5,1,3,4,4,4
645,25,12/10/2024,5,5,1,5,5,5,2,1
646,26,12/10/2024,3,1,2,5,4,4,4,4
647,27,12/10/2024,3,1,2,1,2,1,1,4
648,28,12/10/2024,5,2,5,5,5,1,4,3
649,29,12/10/2024,4,5,4,1,5,1,5,1
650,30,12/10/2024,4,1,2,1,2,4,1,3
651,1,12/11/2024,3,5,1,3,3,1,5,3
652,2,12/11/2024,5,3,3,1,4,5,3,4
653,4,12/11/2024,3,5,2,1,5,4,1,1
654,5,12/11/2024,1,2,2,1,4,1,2,4
655,6,12/11/2024,1,2,2,1,1,2,3,2
656,7,12/11/2024,4,4,3,4,1,4,2,4
657,9,12/11/2024,1,2,1,1,5,5,5,5
658,10,12/11/2024,2,2,2,1,4,3,4,1
659,11,12/11/2024,4,2,5,2,3,5,4,2
660,13,12/11/2024,2,3,4,3,3,5,2,2
661,14,12/11/2024,3,5,3,2,4,1,1,5
662,15,12/11/2024,4,4,3,1,1,2,1,2
663,16,12/11/2024,4,3,4,2,2,2,5,3
664,17,12/11/2024,4,5,5,5,3,5,3,3
665,18,12/11/2024,2,1,5,4,4,3,4,3
666,19,12/11/2024,3,2,2,2,2,5,5,4
667,22,12/11/2024,2,3,4,2,1,3,3,3
668,23,12/11/2024,5,2,2,2,3,2,5,4
669,24,12/11/2024,2,4,5,4,3,4,1,3
670,25,12/11/2024,5,3,3,3,3,1,4,4
671,26,12/11/2024,5,2,4,2,4,4,5,2
672,27,12/11/2024,2,5,4,1,2,2,5,5
673,28,12/11/2024,4,4,2,2,5,4,4,1
674,29,12/11/2024,2,2,3,2,4,4,1,2
675,30,12/11/2024,2,1,5,1,3,3,3,5
676,1,12/12/2024,1,1,1,4,4,1,5,3
677,2,12/12/2024,5,2,4,3,2,3,3,2
678,4,12/12/2024,4,1,5,2,2,4,4,2
679,5,12/12/2024,3,2,2,2,5,4,4,1
680,6,12/12/2024,2,3,5,4,5,4,4,5
681,7,12/12/2024,1,5,4,1,5,2,4,4
682,9,12/12/2024,1,5,5,1,3,4,4,3
683,10,12/12/2024,4,3,4,3,2,2,1,2
684,11,12/12/2024,1,2,5,4,1,4,3,5
685,13,12/12/2024,2,2,5,2,3,4,5,4
686,14,12/12/2024,2,3,3,5,3,5,2,4
687,15,12/12/2024,3,3,3,1,3,1,5,1
688,16,12/12/2024,4,2,4,3,2,3,3,1
689,17,12/12/2024,3,1,4,4,3,4,4,2
690,18,12/12/2024,1,2,5,4,3,2,3,5
691,19,12/12/2024,3,4,4,4,4,3,1,5
692,22,12/12/2024,4,1,4,1,4,4,1,3
693,23,12/12/2024,1,3,4,4,3,4,1,1
694,24,12/12/2024,3,3,5,2,5,3,1,1
695,25,12/12/2024,2,2,3,2,3,1,2,2
696,26,12/12/2024,5,4,4,5,3,4,1,4
697,27,12/12/2024,4,3,3,5,5,4,3,1
698,28,12/12/2024,2,5,3,5,1,1,1,3
699,29,12/12/2024,3,5,2,1,3,2,1,4
700,30,12/12/2024,5,3,5,2,2,1,1,2
701,1,12/13/2024,3,3,2,1,3,1,4,1
702,2,12/13/2024,1,1,4,4,2,3,5,4
703,4,12/13/2024,4,1,4,5,4,4,1,4
704,5,12/13/2024,1,1,3,1,5,2,4,3
705,6,12/13/2024,1,3,5,3,2,1,1,3
706,7,12/13/2024,2,3,3,3,4,2,3,1
707,9,12/13/2024,3,2,1,2,4,3,4,4
708,10,12/13/2024,1,5,1,3,5,3,2,2
709,11,12/13/2024,3,1,2,2,2,1,3,5
710,13,12/13/2024,3,3,5,5,2,4,4,5
711,14,12/13/2024,1,4,3,4,3,2,3,2
712,15,12/13/2024,5,3,1,4,3,2,5,3
713,16,12/13/2024,1,1,4,2,4,3,5,2
714,17,12/13/2024,3,4,4,5,1,5,3,1
715,18,12/13/2024,1,3,3,4,3,4,5,3
716,19,12/13/2024,4,5,3,2,4,2,5,1
717,22,12/13/2024,4,1,3,3,2,1,2,3
718,23,12/13/2024,4,4,5,3,5,2,4,4
719,24,12/13/2024,1,3,5,2,5,4,2,2
720,25,12/13/2024,4,2,2,4,4,2,1,2
721,26,12/13/2024,5,4,4,5,5,2,3,5
722,27,12/13/2024,5,3,5,5,1,4,4,4
723,28,12/13/2024,4,1,5,3,1,5,4,3
724,29,12/13/2024,5,5,1,3,1,2,5,2
725,30,12/13/2024,2,2,5,5,3,5,1,1
726,1,12/14/2024,4,3,2,5,4,5,1,2
727,2,12/14/2024,1,5,4,4,5,2,5,1
728,4,12/14/2024,5,5,2,4,3,3,2,3
729,5,12/14/2024,3,3,5,1,5,3,2,2
730,6,12/14/2024,5,3,1,2,4,5,2,4
731,7,12/14/2024,4,4,5,5,3,3,4,2
732,9,12/14/2024,2,1,3,2,2,1,2,2
733,10,12/14/2024,1,4,3,5,2,3,4,5
734,11,12/14/2024,5,2,1,1,4,1,2,3
735,13,12/14/2024,5,5,4,3,5,1,3,2
736,14,12/14/2024,3,5,4,4,2,4,1,1
737,15,12/14/2024,2,2,2,2,2,1,5,5
738,16,12/14/2024,1,5,2,1,5,2,4,3
739,17,12/14/2024,1,1,3,1,1,1,3,4
740,18,12/14/2024,4,4,4,5,5,2,2,3
741,19,12/14/2024,5,3,3,2,4,3,3,4
742,22,12/14/2024,2,2,1,4,1,5,4,4
743,23,12/14/2024,5,3,2,2,4,4,4,1
744,24,12/14/2024,2,4,4,5,1,5,4,3
745,25,12/14/2024,4,5,5,5,3,5,2,4
746,26,12/14/2024,3,5,3,5,4,5,1,3
747,27,12/14/2024,3,3,2,3,4,2,1,5
748,28,12/14/2024,4,5,5,5,4,3,5,3
749,29,12/14/2024,2,2,5,2,5,4,5,2
750,30,12/14/2024,1,2,2,1,5,4,1,3
